Название светильника,стоимость,ссылка на изделие
Подвесной светильник Сансет Black,3290руб.,https://www.divan.ru/barnaul/product/podvesnoj-svetilnik-sanset-black
Настольная лампа Машрум Gold,3290руб.,https://www.divan.ru/barnaul/product/nastolnaya-lampa-mashrum-gold
Торшер Билли Black,15 390руб.,https://www.divan.ru/barnaul/product/torsher-billi-black
Подвесной светильник Бабл-9,17 590руб.,https://www.divan.ru/barnaul/product/podvesnoj-svetilnik-babl-9
Торшер Бабл-1,6590руб.,https://www.divan.ru/barnaul/product/torsher-babl-1
Подвесной светильник Бабл-3,6590руб.,https://www.divan.ru/barnaul/product/podvesnoj-svetilnik-babl-3
Бра Бабл Black,1970руб.,https://www.divan.ru/barnaul/product/bra-babl-black
Настольная лампа Дэнди Black,5050руб.,https://www.divan.ru/barnaul/product/nastolnaya-lampa-dendi-black
Настольная лампа Дэнди White,4390руб.,https://www.divan.ru/barnaul/product/nastolnaya-lampa-dendi-white
Торшер Варио White,6590руб.,https://www.divan.ru/barnaul/product/torsher-vario-white
Бра Варио Black,870руб.,https://www.divan.ru/barnaul/product/bra-vario-black
Бра Варио White,870руб.,https://www.divan.ru/barnaul/product/bra-vario-white
Подвесной светильник Сансет White,3290руб.,https://www.divan.ru/barnaul/product/podvesnoj-svetilnik-sanset-white
Подвесной светильник Кэндел Black,2850руб.,https://www.divan.ru/barnaul/product/podvesnoj-svetilnik-kendel-black
Подвесной светильник Кэндел White,2190руб.,https://www.divan.ru/barnaul/product/podvesnoj-svetilnik-kendel-white
Торшер Вена Beige,9450руб.,https://www.divan.ru/barnaul/product/torsher-vena-beige
Настольная лампа Сфера Orange,5050руб.,https://www.divan.ru/barnaul/product/nastolnaya-lampa-sfera-orange
Торшер Осло Black,16 490руб.,https://www.divan.ru/barnaul/product/torsher-oslo-black
Подвесной светильник Кая Black,2740руб.,https://www.divan.ru/barnaul/product/podvesnoj-svetilnik-kaya-black
Торшер Вена Black,10 990руб.,https://www.divan.ru/barnaul/product/torsher-vena-black
Подвесной светильник Кая White,2740руб.,https://www.divan.ru/barnaul/product/podvesnoj-svetilnik-kaya-white
Торшер Осло White,16 490руб.,https://www.divan.ru/barnaul/product/torsher-oslo-white
Настольная лампа Сканди White,4940руб.,https://www.divan.ru/barnaul/product/nastolnaya-lampa-skandi-white
Настольная лампа Гровер Glass,4390руб.,https://www.divan.ru/barnaul/product/nastolnaya-lampa-grover-glass
Настольная лампа Сфера Black,4390руб.,https://www.divan.ru/barnaul/product/nastolnaya-lampa-sfera-black
Настольная лампа Машрум Grey,3290руб.,https://www.divan.ru/barnaul/product/nastolnaya-lampa-mashrum-grey
Настольная лампа Спайк Orange,1090руб.,https://www.divan.ru/barnaul/product/nastolnaya-lampa-spajk-orange
Настольная лампа Спайк Green,1090руб.,https://www.divan.ru/barnaul/product/nastolnaya-lampa-spajk-green
Торшер Клауд White,15 390руб.,https://www.divan.ru/barnaul/product/torsher-klaud-white
Настольная лампа Клауд White,9890руб.,https://www.divan.ru/barnaul/product/nastolnaya-lampa-klaud-white
Настольная лампа Рэй Black,3290руб.,https://www.divan.ru/barnaul/product/nastolnaya-lampa-rej-black
Настольная лампа Рэй White,3290руб.,https://www.divan.ru/barnaul/product/nastolnaya-lampa-rej-white
Торшер Рэй White,5050руб.,https://www.divan.ru/barnaul/product/torsher-rej-white
Торшер Рэй Black,5050руб.,https://www.divan.ru/barnaul/product/torsher-rej-black
Подвесной светильник Портланд Black,3510руб.,https://www.divan.ru/barnaul/product/podvesnoj-svetilnik-portland-black
Настольная лампа Гросс White,3290руб.,https://www.divan.ru/barnaul/product/nastolnaya-lampa-gross-white
Торшер Гросс White,5490руб.,https://www.divan.ru/barnaul/product/torsher-gross-white
Торшер Мун Black,5490руб.,https://www.divan.ru/barnaul/product/torsher-mun-black
Торшер Билли White,15 390руб.,https://www.divan.ru/barnaul/product/torsher-billi-white
Торшер Варио Black,6590руб.,https://www.divan.ru/barnaul/product/torsher-vario-black
Настольная лампа Раффи Round,6370руб.,https://www.divan.ru/barnaul/product/nastolnaya-lampa-raffi-round
Торшер Раффи Round,9780руб.,https://www.divan.ru/barnaul/product/torsher-raffi-round
Бра Moderli Alina,3730руб.,https://www.divan.ru/barnaul/product/bra-moderli-alina
Подвесной светильник Маро Green,12 860руб.,https://www.divan.ru/barnaul/product/podvesnoj-svetilnik-maro-green
Бра Tarbes-2,3620руб.,https://www.divan.ru/barnaul/product/bra-tarbes-2
Светильник потолочный Matthew,5490руб.,https://www.divan.ru/barnaul/product/svetilnik-potolochnyj-matthew
Настольная лампа Junior-4,3290руб.,https://www.divan.ru/barnaul/product/nastolnaya-lampa-junior-4
Торшер Шани Black,12 530руб.,https://www.divan.ru/barnaul/product/torsher-shani-black
